grupo,Promedio_Edad,Edad_Max,Edad_Min,Promedio_Antiguedad,Antiguedad_Max,Antiguedad_Min
A,39.80288461538461,55,25,12.20673076923077,20,4
B,39.51578947368421,55,25,11.857894736842105,20,4
C,40.089473684210525,55,25,11.631578947368421,20,4
D,39.80788177339902,55,25,12.12807881773399,20,4
E,39.34615384615385,55,25,11.923076923076923,20,4
